{
  "dealer": {
    "질서의 해": { "10": 1.5, "14": 4.0, "17": 7.5, "18": 7.67, "19": 7.83, "20": 8.0 },
    "질서의 달": { "10": 1.5, "14": 4.0, "17": 7.5, "18": 7.67, "19": 7.83, "20": 8.0 },
    "질서의 별": { "10": 1.0, "14": 2.5, "17": 4.5, "18": 4.67, "19": 4.83, "20": 5.0 },
    "혼돈의 해": { "10": 0.5, "14": 1.0, "17": 2.5, "18": 2.67, "19": 2.83, "20": 3.0 },
    "혼돈의 달": { "10": 0.5, "14": 1.0, "17": 2.5, "18": 2.67, "19": 2.83, "20": 3.0 },
    "혼돈의 별": { "10": 0.5, "14": 1.0, "17": 2.5, "18": 2.67, "19": 2.83, "20": 3.0 }
  },
  "support": {
    "질서의 해": { "10": 1.2, "14": 1.2, "17": 7.8, "18": 7.98, "19": 8.1, "20": 8.22 },
    "질서의 달": { "10": 1.2, "14": 1.2, "17": 7.8, "18": 7.98, "19": 8.1, "20": 8.22 },
    "질서의 별": { "10": 0, "14": 0.6, "17": 2.1, "18": 2.2, "19": 2.3, "20": 2.4 },
    "혼돈의 해": { "10": 0.6, "14": 0.9521, "17": 2.969, "18": 3.071, "19": 3.173, "20": 3.275 },
    "혼돈의 달": { "10": 0.1, "14": 0.82072, "17": 2.46648, "18": 2.7072, "19": 2.94792, "20": 3.18864 },
    "혼돈의 별": { "10": 0.5, "14": 1.0, "17": 2.5, "18": 2.67, "19": 2.83, "20": 3.0 }
  }
}